{"global_step": 837, "Training mean Trajectory Reward": 8.562623023986816, "_runtime": 22, "_timestamp": 1669383474, "_step": 844, "eval/mean_reward": 9.691998481750488, "_wandb": {"runtime": 21}}