{"global_step": 27964, "Training mean Trajectory Reward": 23.432689666748047, "_runtime": 288, "_timestamp": 1669377345, "_step": 28242, "eval/mean_reward": 22.704833984375, "_wandb": {"runtime": 287}}