{"global_step": 4589, "Training mean Trajectory Reward": 16.1619930267334, "_runtime": 60, "_timestamp": 1669383472, "_step": 4633, "eval/mean_reward": 14.64609146118164, "_wandb": {"runtime": 59}}