{"global_step": 93563, "Training mean Trajectory Reward": 11.879643440246582, "_runtime": 631, "_timestamp": 1708088338, "_step": 94497, "eval/mean_reward": 10.342794418334961}