{"global_step": 188, "Training mean Trajectory Reward": 10.480652809143066, "_runtime": 13, "_timestamp": 1651573327, "_step": 196, "eval/mean_reward": 10.671011924743652, "_wandb": {"runtime": 11}}