{"global_step": 18035, "Training mean Trajectory Reward": 13.66408920288086, "_runtime": 175, "_timestamp": 1669716903, "_step": 18214, "eval/mean_reward": 13.72407341003418}